file,cyclomatic,ir_instructions,ir_offset,num_qubits,num_gates,num_cx,num_measure,num_u1,num_u2,num_u3,depth,user_time_s,sys_time_s,cpu_time_s,max_rss_kb
cc01_ir132815.c,1.0,132818.0,0.0,168.0,10425.0,4968.0,12.0,4840.0,396.0,209.0,1306.0,1.63,0.17,1.7999999999999998,100820.0
cc01_ir132828.c,1.0,132831.0,13.0,252.0,18255.0,8688.0,12.0,8442.0,704.0,409.0,2020.0,1.92,0.21,2.13,109176.0
cc01_ir132859.c,1.0,132848.0,30.0,348.0,27810.0,13248.0,12.0,12865.0,1056.0,629.0,3316.0,2.55,0.21,2.76,112632.0
cc01_ir132915.c,1.0,132904.0,86.0,684.0,60262.0,28704.0,12.0,27845.0,2288.0,1413.0,7068.0,3.75,0.29,4.04,136892.0
cc01_ir133019.c,1.0,133008.0,190.0,1308.0,120530.0,57408.0,12.0,55665.0,4576.0,2869.0,14036.0,7.5,0.33,7.83,175084.0
cc01_ir133169.c,1.0,133158.0,340.0,2208.0,207455.0,98808.0,12.0,95790.0,7876.0,4969.0,24086.0,13.86,0.39,14.25,248452.0
cc01_ir133419.c,1.0,133408.0,590.0,3708.0,352330.0,167808.0,12.0,162665.0,13376.0,8469.0,40836.0,31.52,0.44,31.96,366744.0
cc01_ir133719.c,1.0,133708.0,890.0,5508.0,526180.0,250608.0,12.0,242915.0,19976.0,12669.0,60936.0,66.22,0.72,66.94,524156.0
cc01_ir134219.c,1.0,134208.0,1390.0,8508.0,815930.0,388608.0,12.0,376665.0,30976.0,19669.0,94436.0,162.14,0.9,163.04,678900.0
cc01_ir134819.c,1.0,134808.0,1990.0,12108.0,1163630.0,554208.0,12.0,537165.0,44176.0,28069.0,134636.0,339.23,1.76,340.99,1031256.0
cc02_ir132818.c,2.0,132821.0,0.0,290.0,31281.0,15366.0,24.0,15092.0,588.0,211.0,16449.0,5.28,0.22,5.5,127264.0
cc02_ir132831.c,2.0,132834.0,13.0,374.0,39102.0,19086.0,24.0,18702.0,896.0,394.0,17152.0,6.49,0.25,6.74,132776.0
cc02_ir132862.c,2.0,132851.0,30.0,470.0,48666.0,23646.0,24.0,23117.0,1248.0,631.0,18459.0,6.86,0.22,7.08,136408.0
cc02_ir132918.c,2.0,132907.0,86.0,806.0,81118.0,39102.0,24.0,38097.0,2480.0,1415.0,22211.0,8.15,0.25,8.4,164272.0
cc02_ir133022.c,2.0,133011.0,190.0,1430.0,141386.0,67806.0,24.0,65917.0,4768.0,2871.0,29179.0,12.03,0.36,12.389999999999999,218052.0
cc02_ir133172.c,2.0,133161.0,340.0,2330.0,228311.0,109206.0,24.0,106042.0,8068.0,4971.0,39229.0,18.83,0.39,19.22,260512.0
cc02_ir133422.c,2.0,133411.0,590.0,3830.0,373186.0,178206.0,24.0,172917.0,13568.0,8471.0,55979.0,39.63,0.53,40.160000000000004,384672.0
cc02_ir133722.c,2.0,133711.0,890.0,5630.0,547036.0,261006.0,24.0,253167.0,20168.0,12671.0,76079.0,81.49,0.79,82.28,529904.0
cc02_ir134222.c,2.0,134211.0,1390.0,8630.0,836786.0,399006.0,24.0,386917.0,31168.0,19671.0,109579.0,182.32,1.1,183.42,710048.0
cc02_ir134822.c,2.0,134811.0,1990.0,12230.0,1184486.0,564606.0,24.0,547417.0,44368.0,28071.0,149779.0,350.93,1.51,352.44,1056416.0
cc03_ir132821.c,3.0,132824.0,0.0,554.0,64557.0,31788.0,48.0,31254.0,1136.0,331.0,17128.0,7.26,0.23,7.49,165028.0
cc03_ir132834.c,3.0,132837.0,13.0,638.0,72378.0,35508.0,48.0,34864.0,1444.0,514.0,17831.0,7.42,0.26,7.68,167976.0
cc03_ir132865.c,3.0,132854.0,30.0,734.0,81942.0,40068.0,48.0,39279.0,1796.0,751.0,19138.0,7.85,0.31,8.16,171856.0
cc03_ir132921.c,3.0,132910.0,86.0,1070.0,114394.0,55524.0,48.0,54259.0,3028.0,1535.0,22890.0,9.68,0.31,9.99,185172.0
cc03_ir133025.c,3.0,133014.0,190.0,1694.0,174662.0,84228.0,48.0,82079.0,5316.0,2991.0,29858.0,14.35,0.32,14.67,244952.0
cc03_ir133175.c,3.0,133164.0,340.0,2594.0,261587.0,125628.0,48.0,122204.0,8616.0,5091.0,39908.0,21.25,0.44,21.69,319812.0
cc03_ir133425.c,3.0,133414.0,590.0,4094.0,406462.0,194628.0,48.0,189079.0,14116.0,8591.0,56658.0,38.21,0.55,38.76,401344.0
cc03_ir133725.c,3.0,133714.0,890.0,5894.0,580312.0,277428.0,48.0,269329.0,20716.0,12791.0,76758.0,71.33,0.71,72.03999999999999,586308.0
cc03_ir134225.c,3.0,134214.0,1390.0,8894.0,870062.0,415428.0,48.0,403079.0,31716.0,19791.0,110258.0,155.16,0.91,156.07,736916.0
cc03_ir134825.c,3.0,134814.0,1990.0,12494.0,1217762.0,581028.0,48.0,563579.0,44916.0,28191.0,150458.0,327.91,1.35,329.26000000000005,1087252.0
cc04_ir132824.c,4.0,132827.0,0.0,1114.0,131585.0,64840.0,96.0,63782.0,2288.0,579.0,27242.0,13.19,0.29,13.479999999999999,231336.0
cc04_ir132837.c,4.0,132840.0,13.0,1198.0,139406.0,68560.0,96.0,67392.0,2596.0,762.0,27945.0,13.44,0.42,13.86,238444.0
cc04_ir132868.c,4.0,132857.0,30.0,1294.0,148970.0,73120.0,96.0,71807.0,2948.0,999.0,29252.0,14.34,0.38,14.72,241000.0
cc04_ir132924.c,4.0,132913.0,86.0,1630.0,181422.0,88576.0,96.0,86787.0,4180.0,1783.0,33004.0,16.18,0.43,16.61,263404.0
cc04_ir133028.c,4.0,133017.0,190.0,2254.0,241690.0,117280.0,96.0,114607.0,6468.0,3239.0,39972.0,21.39,0.63,22.02,324332.0
cc04_ir133178.c,4.0,133167.0,340.0,3154.0,328615.0,158680.0,96.0,154732.0,9768.0,5339.0,50022.0,30.86,0.65,31.509999999999998,402360.0
cc04_ir133428.c,4.0,133417.0,590.0,4654.0,473490.0,227680.0,96.0,221607.0,15268.0,8839.0,66772.0,50.07,0.71,50.78,458540.0
cc04_ir133728.c,4.0,133717.0,890.0,6454.0,647340.0,310480.0,96.0,301857.0,21868.0,13039.0,86872.0,85.19,0.86,86.05,660324.0
cc04_ir134228.c,4.0,134217.0,1390.0,9454.0,937090.0,448480.0,96.0,435607.0,32868.0,20039.0,120372.0,178.71,1.14,179.85,771072.0
cc04_ir134828.c,4.0,134817.0,1990.0,13054.0,1284790.0,614080.0,96.0,596107.0,46068.0,28439.0,160572.0,380.41,1.7,382.11,1148096.0
cc05_ir132827.c,5.0,132830.0,0.0,2298.0,266513.0,131320.0,192.0,129206.0,4736.0,1059.0,55534.0,26.33,0.68,27.009999999999998,373476.0
cc05_ir132840.c,5.0,132843.0,13.0,2382.0,274334.0,135040.0,192.0,132816.0,5044.0,1242.0,56237.0,26.74,0.62,27.36,386524.0
cc05_ir132871.c,5.0,132860.0,30.0,2478.0,283898.0,139600.0,192.0,137231.0,5396.0,1479.0,57544.0,27.03,0.75,27.78,387340.0
cc05_ir132927.c,5.0,132916.0,86.0,2814.0,316350.0,155056.0,192.0,152211.0,6628.0,2263.0,61296.0,29.09,0.68,29.77,422320.0
cc05_ir133031.c,5.0,133020.0,190.0,3438.0,376618.0,183760.0,192.0,180031.0,8916.0,3719.0,68264.0,39.28,1.19,40.47,431408.0
cc05_ir133181.c,5.0,133170.0,340.0,4338.0,463543.0,225160.0,192.0,220156.0,12216.0,5819.0,78314.0,52.68,1.71,54.39,487796.0
cc05_ir133431.c,5.0,133420.0,590.0,5838.0,608418.0,294160.0,192.0,287031.0,17716.0,9319.0,95064.0,79.38,2.33,81.71,684764.0
cc05_ir133731.c,5.0,133720.0,890.0,7638.0,782268.0,376960.0,192.0,367281.0,24316.0,13519.0,115164.0,117.21,1.97,119.17999999999999,753856.0
cc05_ir134231.c,5.0,134220.0,1390.0,10638.0,1072018.0,514960.0,192.0,501031.0,35316.0,20519.0,148664.0,211.53,2.57,214.1,990032.0
cc05_ir134831.c,5.0,134820.0,1990.0,14238.0,1419718.0,680560.0,192.0,661531.0,48516.0,28919.0,188864.0,394.1,2.57,396.67,1194312.0
cc06_ir132830.c,6.0,132833.0,0.0,4794.0,538177.0,265048.0,384.0,260854.0,9856.0,2035.0,95982.0,62.44,1.87,64.31,654456.0
cc06_ir132843.c,6.0,132846.0,13.0,4878.0,545998.0,268768.0,384.0,264464.0,10164.0,2218.0,96685.0,62.22,1.81,64.03,665284.0
cc06_ir132874.c,6.0,132863.0,30.0,4974.0,555562.0,273328.0,384.0,268879.0,10516.0,2455.0,97992.0,63.96,1.8,65.76,674364.0
cc06_ir132930.c,6.0,132919.0,86.0,5310.0,588014.0,288784.0,384.0,283859.0,11748.0,3239.0,101744.0,64.88,1.93,66.81,738348.0
cc06_ir133034.c,6.0,133023.0,190.0,5934.0,648282.0,317488.0,384.0,311679.0,14036.0,4695.0,108712.0,69.7,1.94,71.64,779108.0
cc06_ir133184.c,6.0,133173.0,340.0,6834.0,735207.0,358888.0,384.0,351804.0,17336.0,6795.0,118762.0,91.43,4.58,96.01,811784.0
cc06_ir133434.c,6.0,133423.0,590.0,8334.0,880082.0,427888.0,384.0,418679.0,22836.0,10295.0,135512.0,131.75,3.24,134.99,843928.0
cc06_ir133734.c,6.0,133723.0,890.0,10134.0,1053932.0,510688.0,384.0,498929.0,29436.0,14495.0,155612.0,204.88,2.87,207.75,1043060.0
cc06_ir134234.c,6.0,134223.0,1390.0,13134.0,1343682.0,648688.0,384.0,632679.0,40436.0,21495.0,189112.0,326.48,3.06,329.54,1252788.0
cc06_ir134834.c,6.0,134823.0,1990.0,16734.0,1691382.0,814288.0,384.0,793179.0,53636.0,29895.0,229312.0,526.4,3.34,529.74,1364616.0
cc07_ir132833.c,7.0,132836.0,0.0,10042.0,1084769.0,533880.0,768.0,525494.0,20672.0,3955.0,209102.0,147.2,7.08,154.28,1194920.0
cc07_ir132846.c,7.0,132849.0,13.0,10126.0,1092590.0,537600.0,768.0,529104.0,20980.0,4138.0,209805.0,150.22,7.85,158.07,1198392.0
cc07_ir132877.c,7.0,132866.0,30.0,10222.0,1102154.0,542160.0,768.0,533519.0,21332.0,4375.0,211112.0,150.12,8.12,158.24,1169916.0
cc07_ir132933.c,7.0,132922.0,86.0,10558.0,1134606.0,557616.0,768.0,548499.0,22564.0,5159.0,214864.0,153.9,7.01,160.91,1189296.0
cc07_ir133037.c,7.0,133026.0,190.0,11182.0,1194874.0,586320.0,768.0,576319.0,24852.0,6615.0,221832.0,160.83,8.58,169.41000000000003,1264504.0
cc07_ir133187.c,7.0,133176.0,340.0,12082.0,1281799.0,627720.0,768.0,616444.0,28152.0,8715.0,231882.0,175.78,5.78,181.56,1342448.0
cc07_ir133437.c,7.0,133426.0,590.0,13582.0,1426674.0,696720.0,768.0,683319.0,33652.0,12215.0,248632.0,248.38,18.2,266.58,1135848.0
cc07_ir133737.c,7.0,133726.0,890.0,15382.0,1600524.0,779520.0,768.0,763569.0,40252.0,16415.0,268732.0,388.54,12.26,400.8,1131648.0
cc07_ir134237.c,7.0,134226.0,1390.0,18382.0,1890274.0,917520.0,768.0,897319.0,51252.0,23415.0,302232.0,598.34,20.6,618.94,1182620.0
cc07_ir134837.c,7.0,134826.0,1990.0,21982.0,2237974.0,1083120.0,768.0,1057819.0,64452.0,31815.0,342432.0,912.49,15.18,927.67,1452856.0
cc08_ir132836.c,8.0,132839.0,0.0,21050.0,2185889.0,1075000.0,1536.0,1058230.0,43200.0,7923.0,370926.0,510.04,32.8,542.84,1848848.0
cc08_ir132849.c,8.0,132852.0,13.0,21134.0,2193710.0,1078720.0,1536.0,1061840.0,43508.0,8106.0,371629.0,510.27,30.0,540.27,1823164.0
cc08_ir132880.c,8.0,132869.0,30.0,21230.0,2203274.0,1083280.0,1536.0,1066255.0,43860.0,8343.0,372936.0,521.59,32.59,554.1800000000001,1838036.0
cc08_ir132936.c,8.0,132925.0,86.0,21566.0,2235726.0,1098736.0,1536.0,1081235.0,45092.0,9127.0,376688.0,515.78,36.02,551.8,1875120.0
cc08_ir133040.c,8.0,133029.0,190.0,22190.0,2295994.0,1127440.0,1536.0,1109055.0,47380.0,10583.0,383656.0,529.29,31.9,561.1899999999999,1834280.0
cc08_ir133190.c,8.0,133179.0,340.0,23090.0,2382919.0,1168840.0,1536.0,1149180.0,50680.0,12683.0,393706.0,554.02,31.36,585.38,1959268.0
cc08_ir133440.c,8.0,133429.0,590.0,24590.0,2527794.0,1237840.0,1536.0,1216055.0,56180.0,16183.0,410456.0,593.35,29.55,622.9,1999456.0
cc08_ir133740.c,8.0,133729.0,890.0,26390.0,2701644.0,1320640.0,1536.0,1296305.0,62780.0,20383.0,430556.0,839.16,89.67,928.8299999999999,2118952.0
cc08_ir134240.c,8.0,134229.0,1390.0,29390.0,2991394.0,1458640.0,1536.0,1430055.0,73780.0,27383.0,464056.0,1145.23,181.01,1326.24,2007440.0
cc08_ir134840.c,8.0,134829.0,1990.0,32990.0,3339094.0,1624240.0,1536.0,1590555.0,86980.0,35783.0,504256.0,1557.63,249.31,1806.94,2125928.0
cc09_ir132839.c,9.0,132842.0,0.0,44090.0,4402209.0,2163256.0,3072.0,2129590.0,90560.0,15731.0,823630.0,2092.45,534.5,2626.95,3205400.0
cc09_ir132852.c,9.0,132855.0,13.0,44174.0,4410030.0,2166976.0,3072.0,2133200.0,90868.0,15914.0,824333.0,2166.0,525.51,2691.51,3204944.0
cc09_ir132883.c,9.0,132872.0,30.0,44270.0,4419594.0,2171536.0,3072.0,2137615.0,91220.0,16151.0,825640.0,1915.86,568.25,2484.1099999999997,3237064.0
cc09_ir132939.c,9.0,132928.0,86.0,44606.0,4452046.0,2186992.0,3072.0,2152595.0,92452.0,16935.0,829392.0,2010.86,582.76,2593.62,3262820.0
cc09_ir133043.c,9.0,133032.0,190.0,45230.0,4512314.0,2215696.0,3072.0,2180415.0,94740.0,18391.0,836360.0,1986.21,561.48,2547.69,3260112.0
cc09_ir133193.c,9.0,133182.0,340.0,46130.0,4599239.0,2257096.0,3072.0,2220540.0,98040.0,20491.0,846410.0,1759.91,382.59,2142.5,3305512.0
cc09_ir133443.c,9.0,133432.0,590.0,47630.0,4744114.0,2326096.0,3072.0,2287415.0,103540.0,23991.0,863160.0,2197.83,524.95,2722.7799999999997,3396412.0
cc09_ir133743.c,9.0,133732.0,890.0,49430.0,4917964.0,2408896.0,3072.0,2367665.0,110140.0,28191.0,883260.0,2293.47,486.72,2780.1899999999996,3581640.0
cc09_ir134243.c,9.0,134908,2066.0,52430,5207714,2546896,3072,2501415,121140,35191,916760,800.14,8.81,808.9499999999999,4897520
cc09_ir134843.c,9.0,135508,2666.0,56030,5555414,2712496,3072,2661915,134340,43591,956960,978.69,7.36,986.0500000000001,5056172
cc10_ir132842.c,10.0,133521,0.0,92218,8864033,4352312,6144,4285110,188864,31603,1470926,2063.73,15.92,2079.65,8525328
cc10_ir132855.c,10.0,133534,13.0,92302,8871854,4356032,6144,4288720,189172,31786,1471629,2034.17,14.13,2048.3,8536608
cc10_ir132886.c,10.0,133551,30.0,92398,8881418,4360592,6144,4293135,189524,32023,1472936,2116.44,14.15,2130.59,8533532
cc10_ir132942.c,10.0,133607,86.0,92734,8913870,4376048,6144,4308115,190756,32807,1476688,2159.31,13.69,2173.0,8548516
cc10_ir133046.c,10.0,133711,190.0,93358,8974138,4404752,6144,4335935,193044,34263,1483656,2068.54,14.03,2082.57,8584152
cc10_ir133196.c,10.0,133861,340.0,94258,9061063,4446152,6144,4376060,196344,36363,1493706,2084.9,20.57,2105.4700000000003,8615876
cc10_ir133446.c,10.0,134111,590.0,95758,9205938,4515152,6144,4442935,201844,39863,1510456,2179.77,21.73,2201.5,8669536
cc10_ir133746.c,10.0,134411,890.0,97558,9379788,4597952,6144,4523185,208444,44063,1530556,2235.29,25.41,2260.7,9140680
cc10_ir134246.c,10.0,134911,1390.0,100558,9669538,4735952,6144,4656935,219444,51063,1564056,2376.43,20.78,2397.21,9266508
cc10_ir134846.c,10.0,135511,1990.0,104158,10017238,4901552,6144,4817435,232644,59463,1604256,2616.39,21.28,2637.67,9444552
